{
	"format_version": "1.21.6",
	"credit": "Made with Blockbench",
	"parent": "item/handheld",
	"textures": {
		"1": "gun:block/revolver-hammer",
		"2": "gun:block/revolver-main",
		"3": "gun:block/revolver-chamber-2-loaded",
		"4": "gun:block/revolver-chamber",
		"5": "gun:block/4",
		"particle": "gun:block/revolver-chamber"
	},
	"elements": [
		{
			"from": [6.95, 6.75, 2.1],
			"to": [8.05, 8.25, 6.1],
			"rotation": {"angle": 36, "axis": "z", "origin": [7.5, 7.5, 4.1]},
			"faces": {
				"north": {"uv": [8, 4, 9.125, 5.5], "texture": "#4"},
				"east": {"uv": [0, 4, 4, 5.5], "texture": "#4"},
				"south": {"uv": [5, 8, 6.125, 9.5], "texture": "#4"},
				"up": {"uv": [1.125, 10, 0, 6], "texture": "#4"}
			}
		},
		{
			"from": [6.4, 6.75, 2.1],
			"to": [6.95, 8.25, 6.1],
			"rotation": {"angle": 36, "axis": "z", "origin": [7.5, 7.5, 4.1]},
			"faces": {
				"north": {"uv": [9, 0, 9.5, 1.5], "texture": "#4"},
				"east": {"uv": [4, 2, 8, 3.5], "texture": "#4"},
				"south": {"uv": [9, 2, 9.5, 3.5], "texture": "#4"},
				"west": {"uv": [4, 4, 8, 5.5], "texture": "#4"},
				"up": {"uv": [8.5, 4, 8, 0], "texture": "#4"},
				"down": {"uv": [4.5, 8, 4, 12], "texture": "#4"}
			}
		},
		{
			"from": [8.05, 6.75, 2.1],
			"to": [8.6, 8.25, 6.1],
			"rotation": {"angle": 36, "axis": "z", "origin": [7.5, 7.5, 4.1]},
			"faces": {
				"north": {"uv": [9, 0, 9.5, 1.5], "texture": "#4"},
				"east": {"uv": [4, 2, 8, 3.5], "texture": "#4"},
				"south": {"uv": [9, 2, 9.5, 3.5], "texture": "#3"},
				"west": {"uv": [4, 4, 8, 5.5], "texture": "#4"},
				"up": {"uv": [8.5, 4, 8, 0], "texture": "#4"},
				"down": {"uv": [4.5, 8, 4, 12], "texture": "#4"}
			}
		},
		{
			"from": [6.6, 6.3, 2.1],
			"to": [8.4, 6.75, 6.1],
			"rotation": {"angle": 36, "axis": "z", "origin": [7.5, 7.5, 4.1]},
			"faces": {
				"north": {"uv": [8, 6, 9.75, 6.5], "texture": "#4"},
				"east": {"uv": [4, 6, 8, 6.5], "texture": "#4"},
				"south": {"uv": [7, 8, 8.75, 8.5], "texture": "#3"},
				"west": {"uv": [4, 7, 8, 7.5], "texture": "#4"},
				"up": {"uv": [1.75, 4, 0, 0], "texture": "#4"},
				"down": {"uv": [3.75, 0, 2, 4], "texture": "#4"}
			}
		},
		{
			"from": [6.6, 8.25, 2.1],
			"to": [8.4, 8.7, 6.1],
			"rotation": {"angle": 36, "axis": "z", "origin": [7.5, 7.5, 4.1]},
			"faces": {
				"north": {"uv": [8, 6, 9.75, 6.5], "texture": "#4"},
				"east": {"uv": [4, 6, 8, 6.5], "texture": "#4"},
				"south": {"uv": [7, 8, 8.75, 8.5], "texture": "#3"},
				"west": {"uv": [4, 7, 8, 7.5], "texture": "#4"},
				"up": {"uv": [1.75, 4, 0, 0], "texture": "#4"},
				"down": {"uv": [3.75, 0, 2, 4], "texture": "#4"}
			}
		},
		{
			"from": [7.25, 5, 7.1],
			"to": [8.75, 7, 9.6],
			"rotation": {"angle": 0, "axis": "y", "origin": [7, 5, 8.1]},
			"faces": {
				"north": {"uv": [6, 4, 6.75, 5], "texture": "#2"},
				"east": {"uv": [5.5, 0, 6.75, 1], "texture": "#2"},
				"south": {"uv": [4.5, 6, 5.25, 7], "texture": "#2"},
				"west": {"uv": [5.5, 1, 6.75, 2], "texture": "#2"},
				"up": {"uv": [0.75, 7.25, 0, 6], "texture": "#2"},
				"down": {"uv": [1.75, 6, 1, 7.25], "texture": "#2"}
			}
		},
		{
			"from": [7.25, 1, 8.1],
			"to": [8.75, 5, 10.1],
			"rotation": {"angle": 0, "axis": "y", "origin": [7, 3, 8.1]},
			"faces": {
				"north": {"uv": [3, 2, 3.75, 4], "texture": "#2"},
				"east": {"uv": [0, 2, 1, 4], "texture": "#2"},
				"south": {"uv": [3.5, 0, 4.25, 2], "texture": "#2"},
				"west": {"uv": [1, 2, 2, 4], "texture": "#2"},
				"up": {"uv": [6.75, 6, 6, 5], "texture": "#2"},
				"down": {"uv": [6.25, 6, 5.5, 7], "texture": "#2"}
			}
		},
		{
			"from": [7.25, 7, 7.1],
			"to": [8.75, 8.75, 8.1],
			"rotation": {"angle": 0, "axis": "y", "origin": [7, 7, 4.1]},
			"faces": {
				"north": {"uv": [6.5, 2, 7.25, 2.875], "texture": "#2"},
				"east": {"uv": [7, 1, 7.5, 1.875], "texture": "#2"},
				"south": {"uv": [6.5, 3, 7.25, 3.875], "texture": "#2"},
				"west": {"uv": [7, 4, 7.5, 4.875], "texture": "#2"},
				"up": {"uv": [5.25, 7.5, 4.5, 7], "texture": "#2"},
				"down": {"uv": [7.75, 5, 7, 5.5], "texture": "#2"}
			}
		},
		{
			"from": [7.25, 5.75, 6.1],
			"to": [8.75, 9.25, 7.1],
			"rotation": {"angle": 0, "axis": "y", "origin": [7, 7, 3.1]},
			"faces": {
				"north": {"uv": [4, 4, 4.75, 5.75], "texture": "#2"},
				"east": {"uv": [6, 2, 6.5, 3.75], "texture": "#2"},
				"south": {"uv": [4.5, 0, 5.25, 1.75], "texture": "#2"},
				"west": {"uv": [3, 6, 3.5, 7.75], "texture": "#2"},
				"up": {"uv": [6.25, 7.5, 5.5, 7], "texture": "#2"},
				"down": {"uv": [7.75, 5.5, 7, 6], "texture": "#2"}
			}
		},
		{
			"from": [7.25, 5.75, 1.1],
			"to": [8.75, 9.25, 2.1],
			"rotation": {"angle": 0, "axis": "y", "origin": [7, 7, -1.9]},
			"faces": {
				"north": {"uv": [5, 2, 5.75, 3.75], "texture": "#2"},
				"east": {"uv": [3.5, 6, 4, 7.75], "texture": "#2"},
				"south": {"uv": [5, 4, 5.75, 5.75], "texture": "#2"},
				"west": {"uv": [4, 6, 4.5, 7.75], "texture": "#2"},
				"up": {"uv": [7.25, 7.5, 6.5, 7], "texture": "#2"},
				"down": {"uv": [0.75, 7.5, 0, 8], "texture": "#2"}
			}
		},
		{
			"from": [7.5, 7.75, -5.9],
			"to": [8.5, 9, 1.1],
			"rotation": {"angle": 0, "axis": "y", "origin": [6.75, 7, -2.9]},
			"faces": {
				"north": {"uv": [7.5, 2, 8, 2.625], "texture": "#2"},
				"east": {"uv": [0, 0, 3.5, 0.625], "texture": "#2"},
				"south": {"uv": [7.5, 3, 8, 3.625], "texture": "#2"},
				"west": {"uv": [0, 1, 3.5, 1.625], "texture": "#2"},
				"up": {"uv": [2.5, 5.5, 2, 2], "texture": "#2"},
				"down": {"uv": [3, 2, 2.5, 5.5], "texture": "#2"}
			}
		},
		{
			"from": [7.5, 7.5, -2.9],
			"to": [8.5, 7.75, 1.1],
			"rotation": {"angle": 0, "axis": "y", "origin": [6.75, 5.75, -2.9]},
			"faces": {
				"north": {"uv": [5.5, 8, 6, 8.125], "texture": "#2"},
				"east": {"uv": [7.5, 4, 9.5, 4.125], "texture": "#2"},
				"south": {"uv": [8, 5.5, 8.5, 5.625], "texture": "#2"},
				"west": {"uv": [4.5, 7.5, 6.5, 7.625], "texture": "#2"},
				"up": {"uv": [2.5, 7.5, 2, 5.5], "texture": "#2"},
				"down": {"uv": [3, 5.5, 2.5, 7.5], "texture": "#2"}
			}
		},
		{
			"from": [7.5, 9, -4.9],
			"to": [8.5, 9.7, -3.9],
			"rotation": {"angle": 0, "axis": "y", "origin": [6.75, 8, -7.9]},
			"faces": {
				"north": {"uv": [7, 7.5, 7.5, 7.875], "texture": "#2"},
				"east": {"uv": [7.5, 7, 8, 7.375], "texture": "#2"},
				"south": {"uv": [7.5, 7.5, 8, 7.875], "texture": "#2"},
				"west": {"uv": [0, 8, 0.5, 8.375], "texture": "#2"},
				"up": {"uv": [8, 5, 7.5, 4.5], "texture": "#2"},
				"down": {"uv": [7, 7.5, 6.5, 8], "texture": "#2"}
			}
		},
		{
			"from": [7.25, 5.75, 2.1],
			"to": [8.75, 6.25, 6.1],
			"rotation": {"angle": 0, "axis": "y", "origin": [7, 7, 2.1]},
			"faces": {
				"north": {"uv": [0.5, 8, 1.25, 8.25], "texture": "#2"},
				"east": {"uv": [6.5, 6, 8.5, 6.25], "texture": "#2"},
				"south": {"uv": [1.5, 8, 2.25, 8.25], "texture": "#2"},
				"west": {"uv": [6.5, 6.5, 8.5, 6.75], "texture": "#2"},
				"up": {"uv": [0.75, 6, 0, 4], "texture": "#2"},
				"down": {"uv": [1.75, 4, 1, 6], "texture": "#2"}
			}
		},
		{
			"from": [7.25, 4.5, 6.1],
			"to": [8.75, 5, 7.1],
			"rotation": {"angle": 0, "axis": "y", "origin": [7, 5.75, 3.1]},
			"faces": {
				"north": {"uv": [8, 2, 8.75, 2.25], "texture": "#2"},
				"east": {"uv": [4.5, 8, 5, 8.25], "texture": "#2"},
				"south": {"uv": [2.5, 8, 3.25, 8.25], "texture": "#2"},
				"west": {"uv": [8, 4.5, 8.5, 4.75], "texture": "#2"},
				"up": {"uv": [1.75, 8, 1, 7.5], "texture": "#2"},
				"down": {"uv": [8.25, 1, 7.5, 1.5], "texture": "#2"}
			}
		},
		{
			"from": [7.85, 5.45, 6.8],
			"to": [8.15, 5.75, 7.1],
			"rotation": {"angle": 0, "axis": "y", "origin": [7.1, 6.75, 3.1]},
			"faces": {
				"north": {"uv": [8, 2, 8.75, 2.25], "texture": "#2"},
				"east": {"uv": [4.5, 8, 5, 8.25], "texture": "#2"},
				"south": {"uv": [2.5, 8, 3.25, 8.25], "texture": "#2"},
				"west": {"uv": [8, 4.5, 8.5, 4.75], "texture": "#2"},
				"up": {"uv": [1.75, 8, 1, 7.5], "texture": "#2"},
				"down": {"uv": [8.25, 1, 7.5, 1.5], "texture": "#2"}
			}
		},
		{
			"from": [7.85, 5.25, 6.5],
			"to": [8.15, 5.55, 6.8],
			"rotation": {"angle": 0, "axis": "y", "origin": [7.1, 6.55, 2.8]},
			"faces": {
				"north": {"uv": [8, 2, 8.75, 2.25], "texture": "#2"},
				"east": {"uv": [4.5, 8, 5, 8.25], "texture": "#2"},
				"south": {"uv": [2.5, 8, 3.25, 8.25], "texture": "#2"},
				"west": {"uv": [8, 4.5, 8.5, 4.75], "texture": "#2"},
				"up": {"uv": [1.75, 8, 1, 7.5], "texture": "#2"},
				"down": {"uv": [8.25, 1, 7.5, 1.5], "texture": "#2"}
			}
		},
		{
			"from": [7.25, 4.75, 5.59],
			"to": [8.75, 5.75, 6.09],
			"rotation": {"angle": 0, "axis": "y", "origin": [7, 1.75, 3.8]},
			"faces": {
				"north": {"uv": [7.5, 1.5, 8.25, 2], "texture": "#2"},
				"east": {"uv": [5, 8, 5.25, 8.5], "texture": "#2"},
				"south": {"uv": [2, 7.5, 2.75, 8], "texture": "#2"},
				"west": {"uv": [8, 5, 8.25, 5.5], "texture": "#2"},
				"up": {"uv": [8.75, 2.75, 8, 2.5], "texture": "#2"},
				"down": {"uv": [8.75, 3, 8, 3.25], "texture": "#2"}
			}
		},
		{
			"from": [7.25, 8.75, 2.1],
			"to": [8.75, 9.25, 6.1],
			"rotation": {"angle": 0, "axis": "y", "origin": [7, 10, 2.1]},
			"faces": {
				"north": {"uv": [3.5, 8, 4.25, 8.25], "texture": "#2"},
				"east": {"uv": [7, 0, 9, 0.25], "texture": "#2"},
				"south": {"uv": [8, 3.5, 8.75, 3.75], "texture": "#2"},
				"west": {"uv": [7, 0.5, 9, 0.75], "texture": "#2"},
				"up": {"uv": [4.75, 4, 4, 2], "texture": "#2"},
				"down": {"uv": [3.75, 4, 3, 6], "texture": "#2"}
			}
		},
		{
			"from": [7.75, 7, 8.1],
			"to": [8.25, 8.2, 9.1],
			"rotation": {"angle": 0, "axis": "x", "origin": [8, 7.7875, 9]},
			"faces": {
				"north": {"uv": [0, 0, 1, 1], "texture": "#1"},
				"east": {"uv": [0, 1, 1, 2], "texture": "#1"},
				"south": {"uv": [1, 0, 2, 1], "texture": "#1"},
				"west": {"uv": [1, 1, 2, 2], "texture": "#1"},
				"up": {"uv": [1, 3, 0, 2], "texture": "#1"},
				"down": {"uv": [3, 0, 2, 1], "texture": "#1"}
			}
		},
		{
			"from": [7.75, 7.75, 9.1],
			"to": [8.25, 8.2, 9.7],
			"rotation": {"angle": 0, "axis": "x", "origin": [8, 7.7875, 9]},
			"faces": {
				"north": {"uv": [1, 2, 2, 3], "texture": "#1"},
				"east": {"uv": [2, 1, 3, 2], "texture": "#1"},
				"south": {"uv": [2, 2, 3, 3], "texture": "#1"},
				"west": {"uv": [0, 3, 1, 4], "texture": "#1"},
				"up": {"uv": [4, 1, 3, 0], "texture": "#1"},
				"down": {"uv": [2, 3, 1, 4], "texture": "#1"}
			}
		},
		{
			"from": [6, 7.15, 6.2],
			"to": [7.75, 8.9, 6.2],
			"rotation": {"angle": 0, "axis": "y", "origin": [6, 7.25, 6.1]},
			"faces": {
				"east": {"uv": [0, 0, 0, 0.75], "texture": "#missing"},
				"south": {"uv": [0, 0, 16, 16], "texture": "#5"},
				"west": {"uv": [0, 0, 0, 0.75], "texture": "#missing"},
				"up": {"uv": [0, 0, 0.75, 0], "texture": "#missing"},
				"down": {"uv": [0, 0, 0.75, 0], "texture": "#missing"}
			}
		}
	],
	"display": {
		"thirdperson_righthand": {
			"rotation": [-39, 0, 0],
			"translation": [0, 0.75, 0.5],
			"scale": [0.5, 0.5, 0.5]
		},
		"thirdperson_lefthand": {
			"rotation": [-39, 0, 0],
			"translation": [0, 0.75, 0.5],
			"scale": [0.5, 0.5, 0.5]
		},
		"firstperson_righthand": {
			"rotation": [-19, 16, 0],
			"translation": [0, 5, 0]
		},
		"firstperson_lefthand": {
			"rotation": [-19, -16, 0],
			"translation": [0, 5, 0]
		},
		"ground": {
			"rotation": [0, 0, 90],
			"translation": [0, 0.75, 3],
			"scale": [0.5, 0.5, 0.5]
		},
		"gui": {
			"rotation": [0, 90, 0],
			"translation": [4.5, 0.5, 0],
			"scale": [0.8, 0.8, 0.8]
		},
		"head": {
			"translation": [0, 3.5, -2.25]
		},
		"fixed": {
			"rotation": [0, 90, 0],
			"translation": [5, 0, 0]
		}
	},
	"groups": [
		{
			"name": "group",
			"origin": [7, 4, 11],
			"color": 0,
			"children": [
				{
					"name": "chamber",
					"origin": [0, 0, 0],
					"color": 0,
					"children": [0, 1, 2, 3, 4]
				},
				{
					"name": "gun",
					"origin": [7, 10, 2.1],
					"color": 0,
					"children": [5, 6, 7, 8, 9, 10, 11, 12, 13, 14, 15, 16, 17, 18]
				},
				{
					"name": "hammer",
					"origin": [7.5, 6.75, 6.1],
					"color": 0,
					"children": [19, 20]
				}
			]
		},
		21
	]
}
