{
	"format_version": "1.21.6",
	"credit": "Made with Blockbench",
	"textures": {
		"0": "gun:block/round-box-rubber",
		"particle": "gun:block/round-box-rubber"
	},
	"elements": [
		{
			"from": [5, 0, 6],
			"to": [5, 6, 11],
			"rotation": {"angle": 0, "axis": "y", "origin": [4.25, 3, 8.5]},
			"faces": {
				"north": {"uv": [0, 0, 0, 3], "texture": "#0"},
				"south": {"uv": [0, 0, 0, 3], "texture": "#0"},
				"west": {"uv": [0, 15.5, 0.5, 16], "texture": "#0"},
				"up": {"uv": [0, 0, 0, 2.5], "texture": "#0"},
				"down": {"uv": [0, 0, 0, 2.5], "texture": "#0"}
			}
		},
		{
			"from": [3, 0, 6],
			"to": [13, 6, 11],
			"rotation": {"angle": 0, "axis": "y", "origin": [4.25, 3, 8.5]},
			"faces": {
				"north": {"uv": [0, 0, 5, 3], "texture": "#0"},
				"east": {"uv": [2.5, 6, 5, 9], "texture": "#0"},
				"south": {"uv": [0, 3, 5, 6], "texture": "#0"},
				"west": {"uv": [0, 6, 2.5, 9], "texture": "#0"},
				"up": {"uv": [10, 2.5, 5, 0], "texture": "#0"},
				"down": {"uv": [10, 2.5, 5, 5], "texture": "#0"}
			}
		},
		{
			"from": [3, 0, 6],
			"to": [5, 0, 11],
			"rotation": {"angle": 0, "axis": "y", "origin": [4.25, 3, 8.5]},
			"faces": {
				"north": {"uv": [0.5, 15.5, 1, 16], "texture": "#0"},
				"east": {"uv": [0.5, 15.5, 1, 16], "texture": "#0"},
				"south": {"uv": [0.5, 15.5, 1, 16], "texture": "#0"},
				"west": {"uv": [0, 0, 1, 1], "texture": "#0"},
				"up": {"uv": [0.5, 15.5, 1, 16], "texture": "#0"}
			}
		},
		{
			"from": [3, 6, 6],
			"to": [5, 6, 11],
			"rotation": {"angle": 0, "axis": "z", "origin": [4.25, 3, 8.5]},
			"faces": {
				"north": {"uv": [0.5, 15.5, 1, 16], "rotation": 180, "texture": "#0"},
				"east": {"uv": [0, 0, 1, 1], "rotation": 180, "texture": "#0"},
				"south": {"uv": [0.5, 15.5, 1, 16], "rotation": 180, "texture": "#0"},
				"west": {"uv": [0.5, 15.5, 1, 16], "rotation": 180, "texture": "#0"},
				"down": {"uv": [0.5, 15.5, 1, 16], "rotation": 180, "texture": "#0"}
			}
		},
		{
			"from": [3, 0, 11],
			"to": [5, 6, 11],
			"rotation": {"angle": 0, "axis": "x", "origin": [4.25, 3, 8.5]},
			"faces": {
				"north": {"uv": [0.5, 15.5, 1, 16], "rotation": 180, "texture": "#0"},
				"east": {"uv": [0.5, 15.5, 1, 16], "rotation": 90, "texture": "#0"},
				"west": {"uv": [0, 0, 1, 1], "rotation": 270, "texture": "#0"},
				"up": {"uv": [0.5, 15.5, 1, 16], "texture": "#0"},
				"down": {"uv": [0.5, 15.5, 1, 16], "rotation": 180, "texture": "#0"}
			}
		},
		{
			"from": [3, 0, 6],
			"to": [5, 6, 6],
			"rotation": {"angle": 0, "axis": "y", "origin": [4.25, 3, 8.5]},
			"faces": {
				"east": {"uv": [0, 0, 1, 1], "rotation": 270, "texture": "#0"},
				"south": {"uv": [0.5, 15.5, 1, 16], "rotation": 180, "texture": "#0"},
				"west": {"uv": [0.5, 15.5, 1, 16], "rotation": 90, "texture": "#0"},
				"up": {"uv": [0.5, 15.5, 1, 16], "rotation": 180, "texture": "#0"},
				"down": {"uv": [0.5, 15.5, 1, 16], "texture": "#0"}
			}
		},
		{
			"from": [-1.83022, -3.21394, 6],
			"to": [-0.83022, -3.21394, 11],
			"rotation": {"angle": 10, "axis": "z", "origin": [-0.83022, -3.21394, 8.5]},
			"faces": {
				"north": {"uv": [0, 0, 5.5, 0], "texture": "#missing"},
				"east": {"uv": [0, 0, 5, 0], "texture": "#missing"},
				"south": {"uv": [0, 0, 5.5, 0], "texture": "#missing"},
				"west": {"uv": [0, 0, 5, 0], "texture": "#missing"},
				"up": {"uv": [0, 3, 1, 5.5], "texture": "#0"},
				"down": {"uv": [0.5, 4, 1.5, 6], "texture": "#0"}
			}
		},
		{
			"from": [2, 0, 10.999],
			"to": [3, 6, 10.999],
			"rotation": {"angle": 30, "axis": "y", "origin": [3, 3.5, 10.999]},
			"faces": {
				"north": {"uv": [0.5, 4, 1.5, 6], "rotation": 180, "texture": "#0"},
				"east": {"uv": [0, 0, 5, 0], "rotation": 270, "texture": "#missing"},
				"south": {"uv": [0, 3, 1, 5.5], "texture": "#0"},
				"west": {"uv": [0, 0, 5, 0], "rotation": 90, "texture": "#missing"},
				"up": {"uv": [0, 0, 5.5, 0], "rotation": 180, "texture": "#missing"},
				"down": {"uv": [0, 0, 5.5, 0], "texture": "#missing"}
			}
		},
		{
			"from": [2, 0, 5.999],
			"to": [3, 6, 5.999],
			"rotation": {"angle": -30, "axis": "y", "origin": [3, 3.5, 5.999]},
			"faces": {
				"north": {"uv": [0.5, 4, 1.5, 6], "rotation": 180, "texture": "#0"},
				"east": {"uv": [0, 0, 5, 0], "rotation": 270, "texture": "#missing"},
				"south": {"uv": [0, 3, 1, 5.5], "texture": "#0"},
				"west": {"uv": [0, 0, 5, 0], "rotation": 90, "texture": "#missing"},
				"up": {"uv": [0, 0, 5.5, 0], "rotation": 180, "texture": "#missing"},
				"down": {"uv": [0, 0, 5.5, 0], "texture": "#missing"}
			}
		},
		{
			"from": [-2, 0, 6],
			"to": [3, 0, 11],
			"rotation": {"angle": 40, "axis": "z", "origin": [3, 0, 8.5]},
			"faces": {
				"north": {"uv": [0, 0, 5.5, 0], "texture": "#missing"},
				"east": {"uv": [0, 0, 5, 0], "texture": "#missing"},
				"south": {"uv": [0, 0, 5.5, 0], "texture": "#missing"},
				"west": {"uv": [0, 0, 5, 0], "texture": "#missing"},
				"up": {"uv": [0, 3, 1, 5.5], "texture": "#0"},
				"down": {"uv": [0.5, 4, 1.5, 6], "texture": "#0"}
			}
		},
		{
			"from": [3.25, 0.151, 8.75],
			"to": [5, 4.151, 10.5],
			"rotation": {"angle": 0, "axis": "y", "origin": [4.25, 3.1, 8.5]},
			"faces": {
				"north": {"uv": [1.5, 15, 2, 16], "texture": "#0"},
				"east": {"uv": [1.5, 15, 2, 16], "texture": "#0"},
				"south": {"uv": [1.5, 15, 2, 16], "texture": "#0"},
				"west": {"uv": [1.5, 15, 2, 16], "texture": "#0"},
				"up": {"uv": [2, 15.5, 1.5, 15], "texture": "#0"},
				"down": {"uv": [2, 15.5, 1.5, 16], "texture": "#0"}
			}
		},
		{
			"from": [1.25, 0.151, 6.5],
			"to": [3, 4.151, 8.25],
			"rotation": {"angle": 0, "axis": "y", "origin": [4.25, 3.1, 8.5]},
			"faces": {
				"north": {"uv": [1.5, 15, 2, 16], "texture": "#0"},
				"east": {"uv": [1.5, 15, 2, 16], "texture": "#0"},
				"south": {"uv": [1.5, 15, 2, 16], "texture": "#0"},
				"west": {"uv": [1.5, 15, 2, 16], "texture": "#0"},
				"up": {"uv": [2, 15.5, 1.5, 15], "texture": "#0"},
				"down": {"uv": [2, 15.5, 1.5, 16], "texture": "#0"}
			}
		},
		{
			"from": [1.25, 0.151, 8.75],
			"to": [3, 4.151, 10.5],
			"rotation": {"angle": 0, "axis": "y", "origin": [4.25, 3.1, 8.5]},
			"faces": {
				"north": {"uv": [1.5, 15, 2, 16], "texture": "#0"},
				"east": {"uv": [1.5, 15, 2, 16], "texture": "#0"},
				"south": {"uv": [1.5, 15, 2, 16], "texture": "#0"},
				"west": {"uv": [1.5, 15, 2, 16], "texture": "#0"},
				"up": {"uv": [2, 15.5, 1.5, 15], "texture": "#0"},
				"down": {"uv": [2, 15.5, 1.5, 16], "texture": "#0"}
			}
		},
		{
			"from": [3.25, 0.151, 6.5],
			"to": [5, 4.151, 8.25],
			"rotation": {"angle": 0, "axis": "y", "origin": [4.25, 3.1, 8.5]},
			"faces": {
				"north": {"uv": [1.5, 15, 2, 16], "texture": "#0"},
				"east": {"uv": [1.5, 15, 2, 16], "texture": "#0"},
				"south": {"uv": [1.5, 15, 2, 16], "texture": "#0"},
				"west": {"uv": [1.5, 15, 2, 16], "texture": "#0"},
				"up": {"uv": [2, 15.5, 1.5, 15], "texture": "#0"},
				"down": {"uv": [2, 15.5, 1.5, 16], "texture": "#0"}
			}
		},
		{
			"name": "holder",
			"from": [0.5, 0.1, 6.05],
			"to": [7.5, 1.65, 10.95],
			"rotation": {"angle": 0, "axis": "y", "origin": [0.5, 0.1, 6]},
			"faces": {
				"north": {"uv": [1, 15.5, 1.5, 16], "texture": "#0"},
				"east": {"uv": [1, 15.5, 1.5, 16], "texture": "#0"},
				"south": {"uv": [1, 15.5, 1.5, 16], "texture": "#0"},
				"west": {"uv": [1, 15.5, 1.5, 16], "texture": "#0"},
				"up": {"uv": [1, 15.5, 1.5, 16], "texture": "#0"},
				"down": {"uv": [1, 15.5, 1.5, 16], "texture": "#0"}
			}
		}
	],
	"display": {
		"thirdperson_righthand": {
			"rotation": [89, -90, 0],
			"translation": [0, 0.5, 0.75],
			"scale": [0.2, 0.2, 0.2]
		},
		"firstperson_lefthand": {
			"rotation": [0, -180, 33],
			"translation": [0, 1.5, 0],
			"scale": [0.2, 0.2, 0.2]
		}
	},
	"groups": [
		{
			"name": "box",
			"origin": [4.25, 3, 8.5],
			"color": 0,
			"children": [0, 1, 2, 3, 4, 5, 6, 7, 8, 9]
		},
		{
			"name": "rounds",
			"origin": [4.25, 3.1, 8.5],
			"color": 0,
			"children": [10, 11, 12, 13]
		},
		14
	]
}