{"format_version":"1.21.6","credit":"By Ewan Howell","parent":"block/block","elements":[{"from":[3,0,3],"to":[13,10,13],"faces":{"north":{"uv":[0,0,10,10],"texture":"#north"},"east":{"uv":[0,0,10,10],"texture":"#east"},"south":{"uv":[0,0,10,10],"texture":"#south"},"west":{"uv":[10,0,0,10],"texture":"#east"},"up":{"uv":[0,0,10,10],"rotation":180,"texture":"#top"},"down":{"uv":[10,0,0,10],"texture":"#bottom","cullface":"down"}}},{"from":[5,0,13],"to":[7,2,15],"faces":{"east":{"uv":[4,2,2,4],"texture":"#tentacles"},"south":{"uv":[6,2,4,4],"texture":"#tentacles"},"west":{"uv":[8,2,6,4],"texture":"#tentacles"},"up":{"uv":[2,2,4,0],"rotation":90,"texture":"#tentacles"},"down":{"uv":[4,0,6,2],"rotation":270,"texture":"#tentacles","cullface":"down"}}},{"from":[9,0,13],"to":[11,2,15],"faces":{"east":{"uv":[4,2,2,4],"texture":"#tentacles"},"south":{"uv":[6,2,4,4],"texture":"#tentacles"},"west":{"uv":[8,2,6,4],"texture":"#tentacles"},"up":{"uv":[2,2,4,0],"rotation":90,"texture":"#tentacles"},"down":{"uv":[4,0,6,2],"rotation":270,"texture":"#tentacles","cullface":"down"}}},{"from":[1,0,5],"to":[3,2,7],"faces":{"north":{"uv":[8,2,6,4],"texture":"#tentacles"},"south":{"uv":[4,2,2,4],"texture":"#tentacles"},"west":{"uv":[6,2,4,4],"texture":"#tentacles"},"up":{"uv":[2,2,4,0],"rotation":180,"texture":"#tentacles"},"down":{"uv":[4,0,6,2],"rotation":180,"texture":"#tentacles","cullface":"down"}}},{"from":[1,0,9],"to":[3,2,11],"faces":{"north":{"uv":[8,2,6,4],"texture":"#tentacles"},"south":{"uv":[4,2,2,4],"texture":"#tentacles"},"west":{"uv":[6,2,4,4],"texture":"#tentacles"},"up":{"uv":[2,2,4,0],"rotation":180,"texture":"#tentacles"},"down":{"uv":[4,0,6,2],"rotation":180,"texture":"#tentacles","cullface":"down"}}},{"from":[13,0,9],"to":[15,2,11],"faces":{"north":{"uv":[4,2,2,4],"texture":"#tentacles"},"east":{"uv":[6,2,4,4],"texture":"#tentacles"},"south":{"uv":[8,2,6,4],"texture":"#tentacles"},"up":{"uv":[2,2,4,0],"texture":"#tentacles"},"down":{"uv":[4,0,6,2],"texture":"#tentacles","cullface":"down"}}},{"from":[13,0,5],"to":[15,2,7],"faces":{"north":{"uv":[4,2,2,4],"texture":"#tentacles"},"east":{"uv":[6,2,4,4],"texture":"#tentacles"},"south":{"uv":[8,2,6,4],"texture":"#tentacles"},"up":{"uv":[2,2,4,0],"texture":"#tentacles"},"down":{"uv":[4,0,6,2],"texture":"#tentacles","cullface":"down"}}}],"display":{"gui":{"rotation":[30,-135,0],"translation":[0.4,1.6,0],"scale":[0.8,0.8,0.8]}}}