{
  "gun.click.hammer": {
    "sounds": [
      "gun:gun/click/hammer/click1",
      "gun:gun/click/hammer/click2"
    ],
    "category": "master",
    "subtitle": "Hammer clicks"
  },
  "gun.click.open_chamber": {
    "sounds": [
      "gun:gun/click/open-chamber/click"
    ],
    "category": "master",
    "subtitle": "Chamber clicks open"
  },
  "gun.dryfire": {
    "sounds": [
      "gun:gun/dryfire/fire"
    ],
    "category": "master",
    "subtitle": "Gun tries to fire"
  },
  "gun.empty": {
    "sounds": [
      "gun:gun/empty-gun/clink1",
      "gun:gun/empty-gun/clink2",
      "gun/empty-gun/clink3",
      "gun:gun/empty-gun/clink4",
      "gun:gun/empty-gun/clink5"
    ],
    "category": "master",
    "subtitle": "Shells fall to the ground"
  },
  "gun.gunshot": {
    "sounds": [
      { "name": "gun:gun/gunshot/gunshot1", "volume": 4.0 },
      { "name": "gun:gun/gunshot/gunshot2", "volume": 4.0 },
      { "name": "gun:gun/gunshot/gunshot3", "volume": 4.0 },
      { "name": "gun:gun/gunshot/gunshot4", "volume": 4.0 },
      { "name": "gun:gun/gunshot/gunshot5", "volume": 4.0 },
      { "name": "gun:gun/gunshot/gunshot6", "volume": 4.0 }
    ],
    "category": "master",
    "subtitle": "Gunshot",
    "attenuation_distance": 128
  },
  "gun.spin": {
    "sounds": [
      "gun:gun/spin/spin1",
      "gun:gun/spin/spin2"
    ],
    "category": "master",
    "subtitle": "Cylinder spins"
  }
}
