{
  "gun.click.hammer": {
    "sounds": [
      "gun:gun/click/hammer/click1",
      "gun:gun/click/hammer/click2"
    ],
    "category": "master",
    "subtitle": "Hammer clicks"
  },
  "gun.click.open_chamber": {
    "sounds": [
      "gun:gun/click/open-chamber/click"
    ],
    "category": "master",
    "subtitle": "Chamber clicks open"
  },
  "gun.dryfire": {
    "sounds": [
      "gun:gun/dryfire/fire"
    ],
    "category": "master",
    "subtitle": "Gun tries to fire"
  },
  "gun.empty": {
    "sounds": [
      "gun:gun/empty-gun/clink1",
      "gun:gun/empty-gun/clink2",
      "gun/empty-gun/clink3",
      "gun:gun/empty-gun/clink4",
      "gun:gun/empty-gun/clink5"
    ],
    "category": "master",
    "subtitle": "Shells fall to the ground"
  },
  "gun.gunshot": {
    "sounds": [
      { "name": "gun:gun/gunshot/gunshot1", "volume": 10.5 },
      { "name": "gun:gun/gunshot/gunshot2", "volume": 10.5 },
      { "name": "gun:gun/gunshot/gunshot3", "volume": 10.5 },
      { "name": "gun:gun/gunshot/gunshot4", "volume": 10.5 },
      { "name": "gun:gun/gunshot/gunshot5", "volume": 10.5 },
      { "name": "gun:gun/gunshot/gunshot6", "volume": 10.5 }
    ],
    "category": "master",
    "subtitle": "Gunshot"
  },
  "gun/gunshot.ricochet": {

    "sounds": [
    {"name": "gun:gun/gunshot/ricochet/ricochet1"},
    {"name": "gun:gun/gunshot/ricochet/ricochet2"},
    {"name": "gun:gun/gunshot/ricochet/ricochet3"},
    {"name": "gun:gun/gunshot/ricochet/ricochet4"},
    {"name": "gun:gun/gunshot/ricochet/ricochet5"},
    {"name": "gun:gun/gunshot/ricochet/ricochet6"},
    {"name": "gun:gun/gunshot/ricochet/ricochet7"},
    {"name": "gun:gun/gunshot/ricochet/ricochet8"},
    {"name": "gun:gun/gunshot/ricochet/ricochet9"},
    {"name": "gun:gun/gunshot/ricochet/ricochet10"},
    {"name": "gun:gun/gunshot/ricochet/ricochet11"}
    ],
    "category": "master",
    "subtitle": "Gunshot Ricochets "
  },
  "gun.spin": {
    "sounds": [
      "gun:gun/spin/spin2"
    ],
    "category": "master",
    "subtitle": "Cylinder spins"
  }
}
