{
  "hand_animation_on_swap": false,
  "parent": "item/handheld",
  "model": {
    "type": "select",
    "property": "custom_model_data",
    "fallback": {
      "type": "model",
      "model": "gun:item/revolver-c-1"
    },
    "cases": [
      {
        "when": "open-0",
        "model": {
          "type": "model",
          "model": "gun:item/revolver-o-0"
        }
      },
      {
        "when": "open-1",
        "model": {
          "type": "model",
          "model": "gun:item/revolver-o-1"
        }
      },
      {
        "when": "open-2",
        "model": {
          "type": "model",
          "model": "gun:item/revolver-o-2"
        }
      },
      {
        "when": "open-3",
        "model": {
          "type": "model",
          "model": "gun:item/revolver-o-3"
        }
      },
      {
        "when": "open-4",
        "model": {
          "type": "model",
          "model": "gun:item/revolver-o-4"
        }
      },
      {
        "when": "open-5",
        "model": {
          "type": "model",
          "model": "gun:item/revolver-o-5"
        }
      },
      {
        "when": "open-6",
        "model": {
          "type": "model",
          "model": "gun:item/revolver-o-6"
        }
      },
      {
        "when": "closed-hammer",
        "model": {
          "type": "model",
          "model": "gun:item/revolver-c-2"

        }
      },
      {
        "when": "roulette",
        "model": {
          "type": "model",
          "model": "gun:item/revolver-c-1-s"
        }
      },
      {
        "when": "roulette-hammer",
        "model": {
          "type": "model",
          "model": "gun:item/revolver-c-2-s"
        }
      },
      {
        "when": "flash",
        "model": {
          "type": "model",
          "model": "gun:item/revolver-flash"
        }
      }
    ]
  }
}
