{
  "hand_animation_on_swap": false,
  "model": {
    "type": "select",
    "property": "custom_model_data",
    "fallback": {
      "type": "model",
      "model": "gun:item/round-box"
    },
    "cases": [
      {
        "when": "armor-piercing",
        "model": {
          "type": "model",
          "model": "gun:item/round-box-armor-piercing"
        }
      },
      {
        "when": "blank",
        "model": {
          "type": "model",
          "model": "gun:item/round-box-blank"
        }
      },
      {
        "when": "explosive",
        "model": {
          "type": "model",
          "model": "gun:item/round-box-explosive"
        }
      },
      {
        "when": "rubber",
        "model": {
          "type": "model",
          "model": "gun:item/round-box-rubber"
        }
      }
    ]
  }
}
