{"parent":"item/generated","textures":{"layer0":"item/recovery_compass_04"},"overrides":[{"predicate":{"angle":0},"model":"item/recovery_compass"},{"predicate":{"angle":0.125},"model":"item/recovery_compass_05"},{"predicate":{"angle":0.25},"model":"item/recovery_compass_06"},{"predicate":{"angle":0.375},"model":"item/recovery_compass_07"},{"predicate":{"angle":0.5},"model":"item/recovery_compass_00"},{"predicate":{"angle":0.625},"model":"item/recovery_compass_01"},{"predicate":{"angle":0.75},"model":"item/recovery_compass_02"},{"predicate":{"angle":0.875},"model":"item/recovery_compass_03"},{"predicate":{"angle":1},"model":"item/recovery_compass"}]}