{
	"format_version": "1.21.6",
	"credit": "Made with Blockbench",
	"texture_size": [32, 32],
	"textures": {
		"0": "coin:block/coin_totem",
		"1": "minecraft:block/lava_flow",
		"particle": "coin:block/coin_totem"
	},
	"elements": [
		{
			"from": [3, 0, 0],
			"to": [13, 2, 16],
			"rotation": {"angle": 0, "axis": "y", "origin": [9, 0, 7]},
			"faces": {
				"north": {"uv": [10, 1, 15, 2], "texture": "#0"},
				"east": {"uv": [0, 8, 8, 9], "texture": "#0"},
				"south": {"uv": [10, 2, 15, 3], "texture": "#0"},
				"west": {"uv": [8, 8, 16, 9], "texture": "#0"},
				"up": {"uv": [5, 8, 0, 0], "texture": "#0"},
				"down": {"uv": [10, 0, 5, 8], "texture": "#0"}
			}
		},
		{
			"from": [13, 0, 3],
			"to": [16, 2, 13],
			"rotation": {"angle": 0, "axis": "y", "origin": [19, 0, 7]},
			"faces": {
				"north": {"uv": [10, 5, 11.5, 6], "texture": "#0"},
				"east": {"uv": [6, 9, 11, 10], "texture": "#0"},
				"south": {"uv": [6, 10, 7.5, 11], "texture": "#0"},
				"west": {"uv": [10, 0, 15, 1], "texture": "#0"},
				"up": {"uv": [1.5, 14, 0, 9], "texture": "#0"},
				"down": {"uv": [3, 9, 1.5, 14], "texture": "#0"}
			}
		},
		{
			"from": [0, 0, 3],
			"to": [3, 2, 13],
			"rotation": {"angle": 0, "axis": "y", "origin": [6, 0, 7]},
			"faces": {
				"north": {"uv": [10, 6, 11.5, 7], "texture": "#0"},
				"east": {"uv": [10, 3, 15, 4], "texture": "#0"},
				"south": {"uv": [10, 7, 11.5, 8], "texture": "#0"},
				"west": {"uv": [10, 4, 15, 5], "texture": "#0"},
				"up": {"uv": [4.5, 14, 3, 9], "texture": "#0"},
				"down": {"uv": [6, 9, 4.5, 14], "texture": "#0"}
			}
		},
		{
			"from": [3, 1, 0],
			"to": [13, 1, 13],
			"rotation": {"angle": 0, "axis": "y", "origin": [7, 1, 7]},
			"faces": {
				"north": {"uv": [0, 0, 5, 0], "texture": "#1"},
				"east": {"uv": [0, 0, 6.5, 0], "texture": "#1"},
				"south": {"uv": [0, 0, 5, 0], "texture": "#1"},
				"west": {"uv": [0, 0, 6.5, 0], "texture": "#1"},
				"up": {"uv": [0, 0, 5, 6.5], "texture": "#1"}
			}
		}
	],
	"display": {
		"thirdperson_righthand": {
			"translation": [0, 2, 0],
			"scale": [0.25, 0.25, 0.25]
		},
		"thirdperson_lefthand": {
			"translation": [0, 2, 0],
			"scale": [0.25, 0.25, 0.25]
		},
		"firstperson_righthand": {
			"rotation": [40, 0, 0],
			"translation": [0, 1.5, 0],
			"scale": [0.25, 0.25, 0.25]
		},
		"firstperson_lefthand": {
			"rotation": [40, 0, 0],
			"translation": [0, 1.5, 0],
			"scale": [0.25, 0.25, 0.25]
		},
		"ground": {
			"rotation": [90, 0, 0],
			"translation": [0, 1, 2.25],
			"scale": [0.25, 0.25, 0.25]
		},
		"gui": {
			"rotation": [90, 0, 0],
			"scale": [0.5, 0.5, 0.5]
		},
		"head": {
			"rotation": [-90, -180, 0],
			"translation": [0, 14.75, -1.5]
		},
		"fixed": {
			"rotation": [-90, -180, 0],
			"translation": [0, 0, -1.25],
			"scale": [1, 0.25, 1]
		}
	}
}
