{"model":{"type":"condition","component":"lodestone_tracker","on_true":{"type":"range_dispatch","property":"compass","scale":8,"target":"lodestone","entries":[{"threshold":0,"model":{"type":"model","model":"item/compass_04"}},{"threshold":1,"model":{"type":"model","model":"item/compass_05"}},{"threshold":2,"model":{"type":"model","model":"item/compass_06"}},{"threshold":3,"model":{"type":"model","model":"item/compass_07"}},{"threshold":4,"model":{"type":"model","model":"item/compass_00"}},{"threshold":5,"model":{"type":"model","model":"item/compass_01"}},{"threshold":6,"model":{"type":"model","model":"item/compass_02"}},{"threshold":7,"model":{"type":"model","model":"item/compass_03"}},{"threshold":8,"model":{"type":"model","model":"item/compass_04"}}]},"on_false":{"type":"select","property":"context_dimension","cases":[{"when":"overworld","model":{"type":"range_dispatch","property":"compass","scale":8,"target":"spawn","entries":[{"threshold":0,"model":{"type":"model","model":"item/compass_04"}},{"threshold":1,"model":{"type":"model","model":"item/compass_05"}},{"threshold":2,"model":{"type":"model","model":"item/compass_06"}},{"threshold":3,"model":{"type":"model","model":"item/compass_07"}},{"threshold":4,"model":{"type":"model","model":"item/compass_00"}},{"threshold":5,"model":{"type":"model","model":"item/compass_01"}},{"threshold":6,"model":{"type":"model","model":"item/compass_02"}},{"threshold":7,"model":{"type":"model","model":"item/compass_03"}},{"threshold":8,"model":{"type":"model","model":"item/compass_04"}}]}}],"fallback":{"type":"range_dispatch","property":"compass","scale":8,"target":"none","entries":[{"threshold":0,"model":{"type":"model","model":"item/compass_04"}},{"threshold":1,"model":{"type":"model","model":"item/compass_05"}},{"threshold":2,"model":{"type":"model","model":"item/compass_06"}},{"threshold":3,"model":{"type":"model","model":"item/compass_07"}},{"threshold":4,"model":{"type":"model","model":"item/compass_00"}},{"threshold":5,"model":{"type":"model","model":"item/compass_01"}},{"threshold":6,"model":{"type":"model","model":"item/compass_02"}},{"threshold":7,"model":{"type":"model","model":"item/compass_03"}},{"threshold":8,"model":{"type":"model","model":"item/compass_04"}}]}},"property":"has_component"}}