{"model":{"type":"range_dispatch","property":"compass","scale":8,"target":"recovery","entries":[{"threshold":0,"model":{"type":"model","model":"item/recovery_compass_04"}},{"threshold":1,"model":{"type":"model","model":"item/recovery_compass_05"}},{"threshold":2,"model":{"type":"model","model":"item/recovery_compass_06"}},{"threshold":3,"model":{"type":"model","model":"item/recovery_compass_07"}},{"threshold":4,"model":{"type":"model","model":"item/recovery_compass_00"}},{"threshold":5,"model":{"type":"model","model":"item/recovery_compass_01"}},{"threshold":6,"model":{"type":"model","model":"item/recovery_compass_02"}},{"threshold":7,"model":{"type":"model","model":"item/recovery_compass_03"}},{"threshold":8,"model":{"type":"model","model":"item/recovery_compass_04"}}]}}